1719660875.4989214,-1.0,0.0
1719660876.500973,35.9174,139.906413
1719660877.5029566,35.917395,139.906402
1719660878.5048835,35.917393,139.906388
1719660879.5067542,35.917395,139.906378
1719660880.507852,35.917393,139.906355
1719660881.5098104,35.917395,139.906342
1719660882.5108993,35.917403,139.906327
1719660883.5125275,35.917413,139.906318
1719660884.513699,35.917425,139.906312
1719660885.5151024,35.917437,139.906307
1719660886.516372,35.917448,139.906303
1719660887.5181386,35.917453,139.906305
1719660888.5195076,35.917457,139.906297
1719660889.5206883,35.917465,139.906293
1719660890.5223722,35.917472,139.906288
1719660891.524006,35.917478,139.906288
1719660892.5258992,35.917487,139.906283
1719660893.5278285,35.917503,139.906283
1719660894.5300214,35.917512,139.906283
1719660895.5321732,35.917523,139.906283
1719660896.5338364,35.917538,139.906283
1719660897.5356793,35.917552,139.906287
1719660898.5374534,35.917567,139.906292
1719660899.539416,35.91758,139.906297
1719660900.5410078,35.917592,139.906302
1719660901.542629,35.917603,139.906305
1719660902.5445483,35.917618,139.906315
1719660903.5466433,35.917637,139.906322
1719660904.5482304,-1.0,0.0
1719660905.55041,35.917667,139.90633
1719660906.552513,35.917682,139.906333
1719660907.5546637,35.91769,139.906337
1719660908.556749,35.917698,139.90634
1719660909.5588992,35.917702,139.906342
1719660910.5610497,35.917703,139.906345
1719660911.563085,35.91771,139.906352
1719660912.5646605,35.917708,139.906353
1719660913.5667157,35.91771,139.906365
1719660914.5681007,35.917715,139.906378
1719660915.5702496,35.917727,139.906388
1719660916.572376,35.917737,139.906398
1719660917.5744023,35.917745,139.906408
1719660918.5764272,35.917755,139.906417
1719660919.5776167,35.917763,139.906425
1719660920.5797834,35.917772,139.90643
1719660921.5818806,35.917773,139.906443
1719660922.5840244,35.917777,139.906462
1719660923.5861278,35.917787,139.906467
1719660924.5875902,35.9178,139.906473
1719660925.589247,35.91781,139.906475
1719660926.5905313,35.917833,139.906478
1719660927.5925665,35.917847,139.90648
1719660928.5947413,35.917858,139.90648
1719660929.5968595,35.917872,139.90648
1719660930.5989869,35.917883,139.90648
1719660931.6011133,35.917892,139.90648
1719660932.602648,35.917902,139.906477
1719660933.604785,35.917918,139.906475
1719660934.6069696,35.917933,139.906472
1719660935.609299,35.917953,139.906472
1719660936.6116383,35.917968,139.906473
1719660937.613107,35.917978,139.906473
1719660938.6143115,35.917995,139.906478
1719660939.6161616,35.918012,139.906482
1719660940.6178038,35.918027,139.906488
1719660941.6199198,35.918053,139.906495
1719660942.6220913,35.918065,139.906498
1719660943.6241982,35.918073,139.906498
1719660944.626342,35.918093,139.906495
1719660945.6284506,35.918107,139.906495
1719660946.6305513,35.918125,139.906498
1719660947.632704,35.918142,139.906503
1719660948.6348114,35.918152,139.906512
1719660949.6369152,35.91816,139.906515
1719660950.638966,35.918158,139.906512
1719660951.6410327,35.91817,139.906515
1719660952.643157,35.918185,139.906522
1719660953.6452372,35.918193,139.906525
1719660954.6473496,35.918203,139.90653
1719660955.6494482,35.918208,139.906532
1719660956.6514783,35.918223,139.906538
1719660957.653594,35.918235,139.906542
1719660958.6556473,35.918247,139.906545
1719660959.6574557,-1.0,0.0
1719660960.6595695,35.91826,139.906552
1719660961.6617029,35.918273,139.906558
1719660962.6638463,35.918287,139.906562
1719660963.6659212,35.918302,139.906565
1719660964.6680627,35.918318,139.906567
1719660965.6701522,35.91833,139.906572
1719660966.6721964,35.918338,139.906572
1719660967.6742907,35.918352,139.906577
1719660968.6763837,35.918363,139.90658
1719660969.6784966,35.91838,139.906585
1719660970.6805449,35.918398,139.906587
1719660971.6825926,35.918418,139.906593
1719660972.6847074,35.918433,139.9066
1719660973.686701,35.91845,139.906603
1719660974.688831,35.918472,139.906605
1719660975.69091,35.918485,139.90661
1719660976.6929824,35.918502,139.906612
1719660977.6950908,35.918508,139.906615
1719660978.6970906,35.91852,139.906618
1719660979.6991916,35.91853,139.90662
1719660980.7012744,35.918545,139.906623
1719660981.7033536,35.918558,139.906627
1719660982.7054672,35.918573,139.90663
1719660983.7075381,35.918587,139.906633
1719660984.7096126,35.9186,139.906638
1719660985.711695,35.918612,139.906643
1719660986.7135425,-1.0,0.0
1719660987.715651,35.91864,139.906655
1719660988.717731,35.918648,139.906662
1719660989.71981,35.918662,139.906668
1719660990.7218792,35.918675,139.906678
1719660991.7239816,35.918687,139.906685
1719660992.7260888,35.918697,139.906692
1719660993.7281952,35.918707,139.906697
1719660994.730336,35.918718,139.906703
1719660995.7323444,35.918732,139.90671
1719660996.7344117,35.918743,139.906715
1719660997.7365062,35.918752,139.906718
1719660998.7385762,35.918758,139.906723
1719660999.7402258,35.918767,139.906727
1719661000.7423518,35.918775,139.906725
1719661001.744398,35.91878,139.906722
1719661002.746534,35.918793,139.906712
1719661003.748748,35.918802,139.90671
1719661004.7509108,35.918813,139.906707
1719661005.753027,35.918822,139.906708
1719661006.7551193,35.918832,139.90671
1719661007.756505,35.918842,139.906712
1719661008.7585225,35.918852,139.90672
1719661009.7606692,35.918858,139.906725
1719661010.7627897,35.918873,139.906725
1719661011.7648933,35.918885,139.906725
1719661012.7670581,35.9189,139.90673
1719661013.7691722,35.918908,139.90673
1719661014.770734,35.918922,139.90673
1719661015.7725158,35.918935,139.906733
1719661016.7742915,35.918947,139.906737
1719661017.7764874,35.918955,139.906737
1719661018.7786503,35.918967,139.906733
1719661019.780787,35.918982,139.906733
1719661020.7828696,35.918995,139.906737
1719661021.78505,35.919007,139.90674
1719661022.7872243,35.919017,139.906743
1719661023.7887194,35.919025,139.906745
1719661024.7908764,35.919037,139.906743
1719661025.7929852,35.919042,139.906738
1719661026.7951105,35.919048,139.906737
1719661027.7972791,35.91906,139.906742
1719661028.7993531,35.919065,139.906745
1719661029.800984,35.919073,139.906748
1719661030.8031387,35.91909,139.906757
1719661031.8049026,35.919102,139.906763
1719661032.8070958,35.919113,139.906768
1719661033.8089893,35.919127,139.906777
1719661034.810872,35.919143,139.906783
1719661035.8130133,35.91915,139.906785
1719661036.8151412,35.91917,139.906798
1719661037.816333,35.919185,139.906808
1719661038.8177469,35.919195,139.906818
1719661039.819926,35.919217,139.90683
1719661040.8220224,35.919248,139.906853
1719661041.8254294,35.91926,139.906865
1719661042.8273807,35.919272,139.906878
1719661043.828779,35.919287,139.906887
1719661044.8308072,35.919305,139.906902
1719661045.832936,35.919315,139.906915
1719661046.835043,35.91933,139.90693
1719661047.8372097,35.91934,139.906942
1719661048.839351,35.91935,139.906952
1719661049.8412094,35.91936,139.906967
1719661050.8427486,35.919368,139.90698
1719661051.844496,35.919375,139.906992
1719661052.8466706,35.919383,139.907005
1719661053.8486023,35.91939,139.907015
1719661054.8508098,35.919397,139.907027
1719661055.8528707,35.919403,139.90704
1719661056.854965,35.919412,139.907055
1719661057.8571599,35.919418,139.907072
1719661058.859271,35.919422,139.907082
1719661059.8613987,35.919428,139.907097
1719661060.863493,35.919432,139.907107
1719661061.8655562,35.919437,139.90712
1719661062.8670237,35.919437,139.907132
1719661063.869155,35.91944,139.907138
1719661064.871031,35.91944,139.907147
1719661065.873037,35.919442,139.907155
1719661066.8750863,35.919442,139.907163
1719661067.8772662,35.919443,139.907168
1719661068.879351,35.919442,139.907178
1719661069.8814905,35.91944,139.907187
1719661070.883648,35.919438,139.907192
1719661071.8856797,35.919435,139.907202
1719661072.8874078,35.91943,139.907212
1719661073.8894212,35.919433,139.907227
1719661074.8911512,35.919432,139.90724
1719661075.8932374,35.919433,139.907253
1719661076.895099,35.919433,139.907267
1719661077.896391,35.919433,139.907278
1719661078.89844,35.919435,139.907293
1719661079.9005527,35.919437,139.907308
1719661080.9030552,35.919437,139.907323
1719661081.905232,35.919437,139.907335
1719661082.9066856,35.919437,139.90735
1719661083.9086483,35.919435,139.907368
1719661084.9108467,35.919437,139.907383
1719661085.9129813,35.919437,139.907398
1719661086.9151073,35.919438,139.907408
1719661087.9166973,35.91944,139.907432
1719661088.9185731,35.919443,139.907437
1719661089.9207373,35.91945,139.907453
1719661090.9228559,35.919458,139.907478
1719661091.9249547,35.919462,139.907502
1719661092.927127,35.919462,139.907517
1719661093.9291923,35.919463,139.907528
1719661094.931038,35.919462,139.907543
1719661095.933206,35.919462,139.907562
1719661096.934511,35.919462,139.907593
1719661097.936526,35.91946,139.907612
1719661098.9384346,35.919465,139.90763
1719661099.9406095,35.919463,139.907653
1719661100.9424973,35.919463,139.907665
1719661101.9444191,35.919465,139.907678
1719661102.9456093,35.919463,139.9077
1719661103.9475653,35.919462,139.907713
1719661104.9497676,35.91946,139.907723
1719661105.9518905,35.919462,139.90773
1719661106.9539905,35.919462,139.907737
1719661107.9561534,35.919463,139.907745
1719661108.9583056,35.919463,139.907752
1719661109.9600716,35.919463,139.907765
1719661110.9620702,35.919462,139.907777
1719661111.964031,35.919462,139.90779
1719661112.9660318,35.91946,139.907795
1719661113.9678476,35.919457,139.907803
1719661114.97011,35.919463,139.907812
1719661115.9721994,35.919468,139.907818
1719661116.9742494,35.91947,139.907823
1719661117.9763827,35.919468,139.907832
1719661118.978519,35.919468,139.907843
1719661119.9806,35.919473,139.907855
1719661120.982688,35.919475,139.907865
1719661121.984707,35.919477,139.907875
1719661122.9868116,35.919478,139.907887
1719661123.9888954,35.91948,139.907895
1719661124.9909728,35.919485,139.90791
1719661125.9930744,35.919492,139.907927
1719661126.9951193,35.919497,139.907942
1719661127.9972358,35.91949,139.907978
1719661128.9993012,35.919492,139.908
1719661130.0014117,35.919492,139.908022
1719661131.0034018,35.919497,139.90803
1719661132.0054345,35.91949,139.908028
1719661133.0075428,35.919483,139.908042
1719661134.0096176,35.919477,139.90806
1719661135.0117042,35.919475,139.908087
1719661136.013732,35.91947,139.908127
1719661137.0157847,35.91947,139.908148
1719661138.0179334,35.919468,139.908165
1719661139.0199332,35.91947,139.908177
1719661140.0220344,35.91947,139.90819
1719661141.024193,35.919473,139.908203
1719661142.0262852,35.91948,139.908235
1719661143.0284073,35.919485,139.908255
1719661144.030471,35.91949,139.908275
1719661145.0325766,35.919493,139.908292
1719661146.0346334,35.919495,139.908308
1719661147.0367794,35.919493,139.90832
1719661148.038892,35.91949,139.908335
1719661149.040969,35.919485,139.90835
1719661150.043043,35.919477,139.908367
1719661151.045079,35.919468,139.90838
1719661152.0471635,35.919462,139.908397
1719661153.0492895,35.91946,139.908412
1719661154.0513816,35.919473,139.908432
1719661155.0535712,35.919477,139.908447
1719661156.0552323,35.919477,139.908465
1719661157.0567436,35.919473,139.90848
1719661158.0589466,35.919478,139.908495
1719661159.0610306,35.919485,139.908512
1719661160.0647836,35.919487,139.90853
1719661161.068572,35.91949,139.908552
1719661162.0727549,35.919488,139.908573
1719661163.0769641,35.919495,139.908585
1719661164.0811925,35.919487,139.908602
1719661165.0825608,35.919482,139.908637
1719661166.084088,35.919485,139.908672
1719661167.0859904,35.919488,139.9087
1719661168.087707,35.919487,139.908718
1719661169.0899088,35.919485,139.908737
1719661170.0920181,35.919485,139.90876
1719661171.094173,35.919485,139.908788
1719661172.0962887,35.919487,139.908813
1719661173.0985053,35.919485,139.908833
1719661174.1006665,35.919483,139.908853
1719661175.1028252,35.919483,139.908873
1719661176.1049588,35.919483,139.908885
1719661177.1070652,35.919482,139.908895
1719661178.1092007,35.91948,139.908905
1719661179.1112883,35.919477,139.908922
1719661180.113382,35.919477,139.908933
1719661181.11556,35.919477,139.908947
1719661182.1176536,35.919475,139.90896
1719661183.1197646,35.919473,139.908973
1719661184.1219602,35.919475,139.908985
1719661185.1241078,35.919475,139.908997
1719661186.1262019,35.919478,139.909002
1719661187.1283424,35.919483,139.909012
1719661188.130442,35.919485,139.909025
1719661189.132512,35.919485,139.909038
1719661190.1346197,35.919485,139.909052
1719661191.1366801,35.919483,139.90906
1719661192.1387393,35.919485,139.90907
1719661193.1408374,35.919487,139.909078
1719661194.1429164,35.919495,139.909085
1719661195.1450107,35.919497,139.909093
1719661196.1470778,35.919497,139.909103
1719661197.1491532,35.919498,139.909113
1719661198.1512475,35.919498,139.909128
1719661199.1533225,35.919497,139.909138
1719661200.1554253,35.919498,139.909153
1719661201.157626,35.919498,139.909167
1719661202.1595953,35.919495,139.90918
1719661203.16176,35.919495,139.909195
1719661204.1638687,35.919495,139.909208
1719661205.166036,35.919495,139.909217
1719661206.168162,35.9195,139.909228
1719661207.1702507,35.9195,139.909237
1719661208.1720922,-1.0,0.0
1719661209.1742034,35.919505,139.909253
1719661210.1754591,35.919507,139.909267
1719661211.177568,35.919508,139.90928
1719661212.1796265,35.919508,139.909293
1719661213.1817997,35.919512,139.909308
1719661214.1839254,35.919515,139.909323
1719661215.1860201,35.919515,139.909335
1719661216.1881814,35.919517,139.909343
1719661217.1902533,35.91952,139.909353
1719661218.1916142,35.919522,139.909365
1719661219.193716,35.919525,139.909375
1719661220.1958818,35.919527,139.909385
1719661221.1974194,35.919528,139.909392
1719661222.1995218,35.919528,139.9094
1719661223.201666,35.91953,139.909412
1719661224.203841,35.91953,139.90942
1719661225.2059999,35.919525,139.909432
1719661226.2081022,35.919508,139.909442
1719661227.2102437,35.919502,139.909453
1719661228.212415,35.919503,139.909468
1719661229.2144864,35.919507,139.909483
1719661230.2166507,35.919508,139.909502
1719661231.2188787,35.919512,139.90952
1719661232.221046,35.919515,139.909538
1719661233.2231655,35.91952,139.909555
1719661234.2253387,35.919522,139.909573
1719661235.2275069,35.919522,139.909592
1719661236.229616,35.919522,139.909603
1719661237.2312498,35.919518,139.909617
1719661238.232511,35.919517,139.909635
1719661239.2346294,35.919515,139.909653
1719661240.2367785,35.919517,139.909677
1719661241.2389266,35.919517,139.909697
1719661242.2405405,35.919517,139.90972
1719661243.2422452,35.919517,139.90974
1719661244.2439325,35.919513,139.909762
1719661245.2458735,35.919517,139.909788
1719661246.2472787,35.91952,139.90981
1719661247.2490053,35.919518,139.909827
1719661248.2511175,35.919517,139.90985
1719661249.2532368,35.91951,139.909877
1719661250.2556076,35.919505,139.909903
1719661251.2577577,35.919503,139.909928
1719661252.2589784,35.919502,139.909947
1719661253.260469,35.919502,139.909963
1719661254.2619226,35.919505,139.909987
1719661255.264118,35.919518,139.910013
1719661256.2662387,35.919523,139.91003
1719661257.2684426,35.919523,139.910037
1719661258.2705612,35.91952,139.910045
1719661259.2726803,35.919522,139.91005
1719661260.2747874,35.91952,139.91006
1719661261.2769692,35.919523,139.910072
1719661262.2791157,35.919522,139.910085
1719661263.2810056,-1.0,0.0
1719661264.2830832,35.91953,139.910117
1719661265.2852206,35.919528,139.910133
1719661266.2873235,35.919527,139.910145
1719661267.2894523,35.919522,139.910152
1719661268.2916842,35.91952,139.910162
1719661269.2940416,35.919517,139.910175
1719661270.2964158,35.919512,139.910188
1719661271.2987056,35.919508,139.910197
1719661272.3011203,35.919498,139.910203
1719661273.303421,35.919488,139.91021
1719661274.30572,35.919478,139.910223
1719661275.3081653,35.91947,139.910232
1719661276.3105597,35.919457,139.910232
1719661277.3128898,35.919443,139.910235
1719661278.3152492,35.919418,139.910212
1719661279.3175251,35.919418,139.910212
1719661280.321449,35.919407,139.910208
1719661281.3252873,35.919388,139.9102
1719661282.3291914,35.91938,139.910198
1719661283.333003,35.91938,139.910198
1719661284.3366055,35.91936,139.9102
1719661285.3407757,35.919352,139.910203
1719661286.3445625,35.919345,139.910212
1719661287.3484352,35.919337,139.910215
1719661288.3522093,35.919323,139.910222
1719661289.3560476,35.919313,139.910228
1719661290.358592,-1.0,0.0
1719661291.3626425,35.919303,139.910232
1719661292.3666637,35.919287,139.910245
1719661293.3707175,35.91928,139.910257
1719661294.372225,35.91927,139.910267
1719661295.3735235,35.91926,139.910275
1719661296.37556,35.919243,139.910275
1719661297.3777342,35.91923,139.910278
1719661298.3798747,35.919218,139.910282
1719661299.3848073,35.91921,139.910288
1719661300.3901045,35.919202,139.910295
1719661301.3922064,35.919198,139.9103
1719661302.3934278,35.919185,139.910305
1719661303.395423,35.919173,139.91031
1719661304.3980153,35.91916,139.910313
1719661305.4000154,35.91915,139.910312
1719661306.4019554,35.919145,139.910308
1719661307.4040153,35.91914,139.910303
1719661308.4060025,35.919133,139.9103
1719661309.4079823,35.919127,139.910305
1719661310.4101472,35.919115,139.9103
1719661311.41227,35.91911,139.910303
1719661312.4144576,35.919105,139.910305
1719661313.4165468,35.919093,139.910307
1719661314.4187524,35.919087,139.910312
1719661315.4209561,35.919078,139.910315
1719661316.423015,35.919065,139.910318
1719661317.4251955,35.919055,139.910322
1719661318.4273067,35.919055,139.910322
1719661319.4293716,35.919035,139.91033
1719661320.431515,35.919023,139.910332
1719661321.4336975,35.91901,139.910335
1719661322.4358444,35.918998,139.910337
1719661323.4381762,35.918997,139.910333
1719661324.4404173,35.918995,139.910348
1719661325.4427812,35.91897,139.910338
1719661326.4450798,35.918947,139.91034
1719661327.4474325,35.918933,139.910348
1719661328.4497366,35.918915,139.910353
1719661329.4520087,35.9189,139.910353
1719661330.4562082,35.918887,139.910355
1719661331.4608645,35.918868,139.91035
1719661332.4654942,35.918858,139.910352
1719661333.4692302,35.918847,139.910355
1719661334.4729338,35.918842,139.910362
1719661335.4765792,35.918835,139.910367
1719661336.4787667,35.918828,139.91037
1719661337.4809322,35.91882,139.910377
1719661338.483,35.91881,139.910383
1719661339.4850922,35.9188,139.91039
1719661340.4872644,35.918793,139.910395
1719661341.4894192,35.918785,139.910405
1719661342.4915884,35.918775,139.910412
1719661343.4936895,35.918768,139.910418
1719661344.4957714,35.918765,139.910422
1719661345.4978838,35.918765,139.910422
1719661346.500037,35.918745,139.910432
1719661347.5021727,35.918735,139.910437
1719661348.504273,35.918725,139.91044
1719661349.5057135,35.918713,139.910447
1719661350.5078518,35.918702,139.910453
1719661351.510028,35.918695,139.910463
1719661352.511371,35.918688,139.910472
1719661353.513281,35.918673,139.91047
1719661354.5154371,35.91866,139.910468
1719661355.5173523,35.918648,139.910467
1719661356.5189414,35.918638,139.910467
1719661357.5211203,35.918628,139.910462
1719661358.5231678,35.918615,139.910455
1719661359.5252824,35.918605,139.910455
1719661360.5274668,35.918598,139.910452
1719661361.5296278,35.918587,139.910452
1719661362.5318332,35.918573,139.910452
1719661363.5339844,35.918562,139.91045
1719661364.5353222,35.918548,139.910448
1719661365.5369577,35.918535,139.91045
1719661366.5388284,35.918522,139.910448
1719661367.5403183,35.918507,139.910443
1719661368.5424871,35.918483,139.910433
1719661369.5446413,35.918463,139.910422
1719661370.5465965,35.918447,139.910413
1719661371.5476828,35.918437,139.910412
1719661372.5497773,35.918425,139.910408
1719661373.5519264,35.918412,139.910407
1719661374.5534902,35.918397,139.910407
1719661375.5556805,35.918387,139.910412
1719661376.5577698,35.918372,139.910417
1719661377.559896,35.918358,139.91042
1719661378.5619826,35.918337,139.910435
1719661379.564052,35.918312,139.910437
1719661380.566117,35.918285,139.910445
1719661381.5683203,35.918263,139.910447
1719661382.570461,35.91825,139.910447
1719661383.5724902,35.918232,139.91045
1719661384.5746202,35.918217,139.91045
1719661385.5767434,35.918203,139.910448
1719661386.57878,35.918192,139.910452
1719661387.5808854,35.918178,139.910452
1719661388.5829694,35.918158,139.910448
1719661389.5849996,35.918142,139.910448
1719661390.5871084,35.918125,139.910447
1719661391.5889227,35.918108,139.910445
1719661392.5910814,35.918097,139.910445
1719661393.5932114,35.918087,139.910442
1719661394.596872,35.918075,139.91044
1719661395.6006756,35.91807,139.910438
1719661396.6053388,35.91806,139.910442
1719661397.609918,35.918048,139.91044
1719661398.612057,35.918042,139.910442
1719661399.6142704,35.918035,139.910437
1719661400.61637,35.918027,139.910437
1719661401.6185398,35.918017,139.910438
1719661402.620709,35.918007,139.910442
1719661403.6227977,35.917995,139.910438
1719661404.624908,35.917982,139.910442
1719661405.6270695,35.917972,139.910445
1719661406.6291564,35.917963,139.910453
1719661407.6312776,35.917948,139.910462
1719661408.6333528,35.91793,139.910467
1719661409.6354434,35.917915,139.91047
1719661410.637725,35.917892,139.910478
1719661411.6404037,35.917872,139.910493
1719661412.6427252,35.917837,139.910503
1719661413.6450038,35.917815,139.910513
1719661414.6465235,35.9178,139.910518
1719661415.6486874,35.917792,139.910523
1719661416.6508257,35.917783,139.910523
1719661417.653013,35.917783,139.910523
1719661418.6553862,35.917777,139.91051
1719661419.6577616,35.917765,139.910512
1719661420.6601925,35.91775,139.910515
1719661421.6622972,35.917738,139.910523
1719661422.6644678,35.917728,139.910527
1719661423.6657465,35.917713,139.910528
1719661424.6679637,35.917707,139.910537
1719661425.6700592,35.917698,139.910542
1719661426.672191,35.91769,139.910543
1719661427.6743698,35.917682,139.910552
1719661428.6764228,35.917673,139.910555
1719661429.6785874,35.917665,139.91056
1719661430.6807191,35.91765,139.910563
1719661431.6827538,35.917637,139.910565
1719661432.6849236,35.917615,139.910545
1719661433.6870358,35.917605,139.910542
1719661434.6891694,35.917597,139.910543
1719661435.6912591,35.917588,139.910548
1719661436.693294,35.917585,139.910557
1719661437.6954973,35.917577,139.910558
1719661438.6975205,35.917568,139.910558
1719661439.6991167,35.917555,139.910557
1719661440.7008386,35.917545,139.910552
1719661441.7029593,35.917532,139.910548
1719661442.7049603,35.917522,139.910545
1719661443.7069092,35.917512,139.910538
1719661444.7089746,35.917503,139.910533
1719661445.7110522,35.917507,139.910533
1719661446.7131512,35.917488,139.910523
1719661447.7151856,35.917472,139.910513
1719661448.7171113,35.91746,139.910495
1719661449.7192302,35.917437,139.91047
1719661450.7213323,35.917415,139.910447
1719661451.7233963,35.917395,139.91042
1719661452.725545,35.917377,139.910397
1719661453.7275715,35.917365,139.910382
1719661454.72971,35.917353,139.910367
1719661455.7318034,35.91734,139.910352
1719661456.7339125,35.917333,139.910337
1719661457.7355137,35.917338,139.91033
1719661458.7367208,35.917332,139.910313
1719661459.7380836,35.917327,139.910298
1719661460.7402506,35.917312,139.910288
1719661461.7423892,35.917303,139.910282
1719661462.7468624,35.917292,139.910282
1719661463.7490084,35.91729,139.910273
1719661464.7511275,35.917288,139.91026
1719661465.7532675,35.917287,139.910248
1719661466.755388,35.917285,139.910235
1719661467.7576072,35.917283,139.910222
1719661468.7597327,35.917287,139.910217
1719661469.7612865,35.917292,139.91021
1719661470.7629154,35.91729,139.910203
1719661471.764109,35.917287,139.910193
1719661472.765346,35.917285,139.910178
1719661473.7665777,35.917292,139.91017
1719661474.7688398,35.917292,139.91016
1719661475.7709212,35.917292,139.910145
1719661476.7730322,35.917288,139.91013
1719661477.775167,35.917292,139.91012
1719661478.777221,35.917293,139.910103
1719661479.7794013,35.91732,139.910107
1719661480.781527,35.917342,139.910095
1719661481.7836096,35.917357,139.91009
1719661482.7857695,35.917357,139.91008
1719661483.787864,35.91737,139.910065
1719661484.7899828,35.917372,139.910047
1719661485.792166,35.917365,139.910037
1719661486.7942564,35.917358,139.910017
1719661487.7963963,35.917357,139.909998
1719661488.7990727,35.91736,139.909987
1719661489.8011968,35.91736,139.90997
1719661490.803288,35.917362,139.909952
1719661491.8053453,35.917363,139.909937
1719661492.807457,35.917362,139.909912
1719661493.8095143,35.917365,139.909888
1719661494.8116426,35.91737,139.909873
1719661495.8136718,35.91737,139.909862
1719661496.815743,35.91737,139.909848
1719661497.8178432,35.917368,139.909833
1719661498.819948,35.917367,139.909817
1719661499.8220947,35.91736,139.909798
1719661500.8241658,35.917355,139.909773
1719661501.826294,35.917357,139.909755
1719661502.8284822,35.917362,139.909735
1719661503.83055,35.917367,139.909715
1719661504.8327267,35.917372,139.909688
1719661505.8347983,35.917373,139.909672
1719661506.836826,35.917375,139.909652
1719661507.838929,35.917373,139.909635
1719661508.841003,35.917375,139.909615
1719661509.8430662,35.917378,139.909598
1719661510.845186,35.91738,139.909578
1719661511.847247,35.917378,139.90956
1719661512.8493695,35.917377,139.909537
1719661513.8514607,35.917375,139.909523
1719661514.853581,35.91738,139.909508
1719661515.855586,35.917387,139.90949
1719661516.8577259,35.917398,139.909472
1719661517.8598375,35.917407,139.909452
1719661518.861959,35.917413,139.909425
1719661519.864083,35.91742,139.909395
1719661520.8662002,35.917422,139.909377
1719661521.8683665,35.917428,139.909352
1719661522.8704834,35.917432,139.909337
1719661523.8725197,35.917432,139.909325
1719661524.8746614,35.917432,139.909307
1719661525.8767395,35.917433,139.909292
1719661526.878817,35.917435,139.909275
1719661527.880977,35.917437,139.909262
1719661528.8830726,35.917433,139.909253
1719661529.885151,35.917435,139.909243
1719661530.8872569,35.917442,139.909235
1719661531.8893387,35.917445,139.90922
1719661532.8914464,35.917452,139.909208
1719661533.8935068,35.917467,139.909193
1719661534.8957098,35.917473,139.909175
1719661535.8978539,35.917478,139.909162
1719661536.8994412,35.91749,139.909147
1719661537.9016075,35.917492,139.909135
1719661538.9036922,35.91749,139.909125
1719661539.905801,35.917495,139.90911
1719661540.9079642,35.917503,139.909105
1719661541.9100819,35.917503,139.909092
1719661542.9114113,35.917502,139.909073
1719661543.9125214,35.917492,139.909063
1719661544.91436,35.917485,139.909053
1719661545.9164186,35.91748,139.909038
1719661546.9185007,35.917477,139.909023
1719661547.9206657,35.917475,139.90901
1719661548.9227724,35.917475,139.908992
1719661549.9249406,35.917478,139.90898
1719661550.9270527,35.917475,139.908975
1719661551.9293315,35.917468,139.908963
1719661552.931674,35.917452,139.908948
1719661553.933961,35.917443,139.908937
1719661554.9362745,35.917438,139.908923
1719661555.9386768,35.917435,139.908913
1719661556.9409728,35.917438,139.908907
1719661557.9431565,35.917438,139.908897
1719661558.9452717,35.91743,139.908882
1719661559.9474113,35.917425,139.908872
1719661560.9494915,35.917395,139.90887
1719661561.9516242,35.917383,139.908863
1719661562.9538043,35.917357,139.908857
1719661563.955195,35.91735,139.908843
1719661564.9571624,35.91735,139.908835
1719661565.9585383,35.917333,139.908822
1719661566.9595582,35.91733,139.908807
1719661567.9617429,35.917322,139.908792
1719661568.963817,35.917318,139.908777
1719661569.9659717,35.917313,139.908762
1719661570.968135,35.91731,139.908743
1719661571.970172,35.917302,139.908725
1719661572.9723592,35.917297,139.908705
1719661573.97447,35.917293,139.908683
1719661574.9765985,35.917295,139.908663
1719661575.9789796,35.91729,139.90864
1719661576.981292,35.917277,139.908618
1719661577.9834976,35.91727,139.908595
1719661578.9856424,35.917268,139.90858
1719661579.987823,35.917273,139.908573
1719661580.9889293,35.91728,139.908565
1719661581.9900298,35.917283,139.90855
1719661582.991338,35.917288,139.908542
1719661583.9933379,35.917292,139.90854
1719661584.9954934,35.9173,139.908533
1719661585.9973001,35.917308,139.908527
1719661586.9991362,35.917313,139.908513
1719661588.0013103,35.917318,139.908503
1719661589.0033708,35.91732,139.908492
1719661590.0055165,35.917318,139.908477
1719661591.0079367,35.917317,139.90846
1719661592.010262,35.917318,139.908447
1719661593.012643,35.917315,139.90843
1719661594.0149486,35.917322,139.908418
1719661595.0171847,35.917327,139.908412
1719661596.019492,35.917325,139.9084
1719661597.0217297,35.917318,139.90839
1719661598.0240731,35.917313,139.908378
1719661599.0263436,35.917312,139.908368
1719661600.0286727,35.917315,139.908358
1719661601.0309556,35.917317,139.908343
1719661602.0332289,35.917318,139.908335
1719661603.0352628,35.917318,139.908323
1719661604.0364816,35.917317,139.90831
1719661605.038367,35.917318,139.908297
1719661606.040474,35.917315,139.908278
1719661607.0425966,35.917313,139.90826
1719661608.044956,35.91731,139.908245
1719661609.0472808,35.917308,139.90823
1719661610.0496583,35.917305,139.908218
1719661611.0519497,35.9173,139.9082
1719661612.0542328,35.917297,139.90819
1719661613.0565853,35.917298,139.908183
1719661614.0587163,35.917303,139.90817
1719661615.0608919,35.917308,139.908152
1719661616.0626721,35.917303,139.908133
1719661617.0646114,35.917303,139.908115
1719661618.0668097,35.917303,139.908097
1719661619.0689173,35.917307,139.908078
1719661620.0710757,35.91731,139.908063
1719661621.0733402,35.91731,139.908042
1719661622.0756607,35.917312,139.90802
1719661623.0775743,35.917312,139.908
1719661624.0788422,35.917308,139.907982
1719661625.0804808,35.917308,139.907965
1719661626.0817106,35.917307,139.907952
1719661627.0838017,35.917307,139.907937
1719661628.0857756,35.91731,139.907918
1719661629.087766,35.917313,139.907905
1719661630.0899312,35.917315,139.907892
1719661631.0919974,35.917313,139.90788
1719661632.0940921,35.91731,139.907865
1719661633.095462,35.917312,139.90785
1719661634.0975542,35.91731,139.907837
1719661635.0996892,35.917305,139.907825
1719661636.101779,35.917307,139.907815
1719661637.1038907,35.917307,139.907803
1719661638.1056762,35.917308,139.90779
1719661639.1067502,35.917307,139.907778
1719661640.1087477,35.917307,139.907763
1719661641.110861,35.917308,139.907745
1719661642.1129782,35.91731,139.90773
1719661643.116448,35.917308,139.907715
1719661644.119773,35.917307,139.9077
1719661645.1219275,35.917303,139.907682
1719661646.1240847,35.917302,139.907663
1719661647.1262112,35.917302,139.907655
1719661648.128406,35.9173,139.907642
1719661649.1305263,35.9173,139.907627
1719661650.132668,35.917298,139.907608
1719661651.134847,35.917297,139.907588
1719661652.1370015,35.917298,139.907568
1719661653.1391797,35.917298,139.907547
1719661654.1413314,35.917303,139.907528
1719661655.1435297,35.917303,139.90751
1719661656.145549,35.917303,139.907493
1719661657.1476693,35.9173,139.907482
1719661658.1498318,35.917298,139.90747
1719661659.1518695,35.917298,139.90746
1719661660.1537719,35.917295,139.907435
1719661661.155804,35.917297,139.90742
1719661662.1573248,35.917298,139.907408
1719661663.159504,35.9173,139.907398
1719661664.1615987,35.917298,139.907385
1719661665.1632693,35.917297,139.907375
1719661666.165011,35.9173,139.90737
1719661667.1668873,35.917298,139.90736
1719661668.1690347,35.917298,139.907345
1719661669.17113,35.917295,139.907332
1719661670.1732666,35.917295,139.907317
1719661671.1753383,35.917297,139.907302
1719661672.1773987,35.917298,139.907287
1719661673.1795332,35.917307,139.907267
1719661674.1816025,35.917313,139.907248
1719661675.183721,35.91732,139.90723
1719661676.1857255,35.917322,139.907212
1719661677.1877801,35.917323,139.907195
1719661678.1898715,35.91733,139.90718
1719661679.191933,35.917333,139.907165
1719661680.1940343,35.917335,139.907152
1719661681.195366,35.917337,139.907138
1719661682.1973548,35.91734,139.907125
1719661683.1995366,35.917342,139.907107
1719661684.2016041,35.917342,139.907092
1719661685.2037756,35.91734,139.907077
1719661686.2058802,35.917335,139.907057
1719661687.2079742,35.91733,139.907042
1719661688.21015,35.917328,139.907027
1719661689.2122931,35.917322,139.90701
1719661690.213937,35.917318,139.906995
1719661691.2156122,35.917315,139.906978
1719661692.217736,35.917317,139.906962
1719661693.219907,35.917318,139.906947
1719661694.2211738,35.917323,139.90693
1719661695.223306,35.917328,139.906912
1719661696.2254026,35.917337,139.906898
1719661697.2275078,35.917333,139.906887
1719661698.2290268,35.917328,139.906878
1719661699.2313483,35.917318,139.906865
1719661700.2337255,35.917312,139.90685
1719661701.2356718,35.917302,139.906833
1719661702.2376907,35.917298,139.906817
1719661703.2398698,35.917293,139.9068
1719661704.2419477,35.917287,139.906785
1719661705.2440858,35.917283,139.906768
1719661706.2462134,35.91729,139.906752
1719661707.2483811,35.917293,139.90674
1719661708.2497134,35.917295,139.906727
1719661709.2518003,35.917307,139.906717
1719661710.253972,35.917313,139.906703
1719661711.256121,35.91732,139.906692
1719661712.2582228,35.917317,139.906678
1719661713.2603874,35.917317,139.906665
1719661714.2626185,35.917315,139.906648
1719661715.2645903,35.917312,139.906633
1719661716.2657025,35.917307,139.906618
1719661717.2676966,35.917308,139.9066
1719661718.26988,35.917315,139.906582
1719661719.2720191,35.917318,139.906568
1719661720.2741773,35.917325,139.906558
1719661721.276309,35.917323,139.906543
1719661722.2784603,35.917323,139.90653
1719661723.2808065,35.917335,139.906527
1719661724.283137,35.917345,139.906523
1719661725.2847867,35.917358,139.906518
1719661726.2868567,35.917378,139.906492
1719661727.28896,35.917407,139.906458
1719661728.2911236,35.917438,139.906423
1719661729.293243,35.917455,139.906408
1719661730.2954235,35.917478,139.906382
1719661731.2971222,35.917495,139.906363
